{
  "inputs": [
    "The cat sat on the mat.",
    "A feline rested on the rug.",
    "Quarterly revenue rose 12%."
  ],
  "dims": 1024,
  "cosine_similarities": {
    "0-1 (paraphrase)": 0.7198,
    "0-2 (unrelated)": 0.2501
  },
  "vectors_preview": [
    [
      -0.005126953125,
      0.0155029296875,
      0.00176239013671875,
      -0.032958984375,
      -0.08154296875,
      -0.026611328125,
      0.0062255859375,
      0.013427734375
    ],
    [
      0.03271484375,
      -0.0016326904296875,
      -0.005035400390625,
      -0.045654296875,
      -0.00958251953125,
      0.01507568359375,
      -0.036865234375,
      0.021484375
    ],
    [
      -0.05615234375,
      -0.031005859375,
      -0.00811767578125,
      0.0235595703125,
      0.072265625,
      0.0125732421875,
      -0.00860595703125,
      0.009765625
    ]
  ]
}
